Epoch,LR,TrainLoss,ValLoss,GPUMem(MB)
1,7.264997587938268e-06,0.909437,0.886456,459.19
2,7.264997587938268e-06,0.795411,0.754386,459.19
3,7.264997587938268e-06,0.622998,0.540710,459.19
4,7.264997587938268e-06,0.508010,0.486498,459.19
