Epoch,LR,TrainLoss,ValLoss,GPUMem(MB)
1,6e-05,1.032279,1.051933,3049.52
2,6e-05,1.001774,1.025037,3049.52
