Epoch,LR,TrainLoss,ValLoss,GPUMem(MB)
1,0.001,0.370680,1.943145,3244.61
2,0.001,0.296768,1.987783,3244.61
3,0.001,0.289949,1.982903,3244.61
