Epoch,LR,TrainLoss,ValLoss,GPUMem(MB)
1,0.005500530762294727,0.255768,0.221941,15199.60
2,0.005500530762294727,nan,nan,15199.60
