Epoch,LR,TrainLoss,ValLoss,GPUMem(MB)
1,0.002,0.356445,0.494391,1236.31
2,0.002,0.302640,nan,1236.31
