{"_timestamp":1.736732561195926e+09,"_runtime":2782.221030459,"_wandb":{"runtime":2782},"_step":24,"train_loss":0.2815654362614447,"val_loss":0.38900062441825867,"epoch":24,"GPU occupy":5451.720192}