{"_runtime":100.028077565,"_step":3,"_wandb":{"runtime":117},"train_loss":0.3882787565704391,"val_loss":0.5126299262046814,"epoch":3,"GPU occupy":2044.416512,"_timestamp":1.7367340590182476e+09}