{"_step":0,"_wandb":{"runtime":0},"accuracy":0.9,"loss":0.1,"_timestamp":1.736729225069915e+09,"_runtime":0.559895561}